time,latitude,longitude,depth,mag,magType,nst,gap,dmin,rms,net,id,updated,place,type,horizontalError,depthError,magError,magNst,status,locationSource,magSource,distance_from_loc
2023-11-04T12:27:34.660Z,35.4138333333333,-83.5285,13.01,2.51,md,21.0,53.0,0.2441,0.14,se,se60501268,2023-11-04T18:36:00.574Z,"7 km WSW of Bryson City, North Carolina",earthquake,0.43,1.81,0.0608846971042487,13.0,reviewed,se,se,3251.5878008203667
2023-11-04T01:28:02.983Z,39.0992,-97.5842,10.0,3.4,mb_lg,14.0,88.0,0.759,0.53,us,us7000l8sp,2023-11-04T18:16:48.288Z,"7 km N of Bennington, Kansas",earthquake,3.15,1.989,0.04,164.0,reviewed,us,us,3540.8624892399353
2023-11-04T01:40:31.749Z,39.0614,-97.587,10.0,2.9,mb_lg,17.0,87.0,0.762,0.46,us,us7000l8ss,2023-11-04T12:14:55.337Z,"3 km N of Bennington, Kansas",earthquake,2.08,1.988,0.049,108.0,reviewed,us,us,3544.3965032205574
2023-11-04T05:38:30.875Z,37.7238,-97.9654,8.07,2.5,mb_lg,49.0,69.0,0.27,0.36,us,us7000l8tk,2023-11-04T12:47:15.496Z,"7 km SE of Pretty Prairie, Kansas",earthquake,1.82,7.555,0.088,34.0,reviewed,us,us,3684.4768820805393
2023-11-04T09:31:36.930Z,46.8876666666667,-112.521166666667,12.06,1.2,ml,13.0,115.0,0.05243,0.08,mb,mb90031933,2023-11-04T13:56:44.020Z,western Montana,earthquake,0.37,0.51,0.205568466932461,8.0,reviewed,mb,mb,3707.859246364276
2023-11-03T21:51:45.500Z,47.5775,-114.002,18.45,0.63,ml,8.0,135.0,0.06824,0.05,mb,mb90031953,2023-11-04T14:55:24.520Z,"9 km ESE of Pablo, Montana",earthquake,0.43,0.75,0.176572373234478,2.0,reviewed,mb,mb,3738.152729289808
2023-11-04T18:55:30.267Z,35.54746628,-96.71002197,3.411999941,1.86,ml,18.0,82.60537231,0.02531355992,0.5440051252,ok,ok2023vqix,2023-11-04T18:59:19.858Z,"7 km NNW of Prague, Oklahoma",earthquake,2.692935913,2.415852829,0.27,6.0,automatic,ok,ok,3822.6954541199475
2023-11-04T12:14:38.963Z,36.39974594,-98.43932343,4.109548092,1.66,ml,11.0,112.5816803,0.1235802844,0.224739165,ok,ok2023vpvr,2023-11-04T12:18:24.871Z,"0 km S of Cleo Springs, Oklahoma",earthquake,3.903077664,2.653147605,0.2,6.0,automatic,ok,ok,3829.5113772013215
2023-11-04T10:28:38.896Z,44.6143,-112.4982,12.408,2.6,ml,20.0,78.0,0.104,0.4,us,us7000l8uu,2023-11-04T13:43:21.270Z,Idaho-Montana border region,earthquake,3.07,2.894,0.046,61.0,reviewed,us,us,3882.863689251304
2023-11-04T03:27:36.370Z,44.4638333333333,-115.222333333333,6.9,1.21,ml,8.0,136.0,0.4479,0.13,mb,mb90031903,2023-11-04T14:47:28.320Z,"35 km NW of Stanley, Idaho",earthquake,0.57,1.2,0.140128018165735,8.0,reviewed,mb,mb,4046.2296354120326
2023-11-04T05:18:48.090Z,44.4601666666667,-115.2205,5.08,1.94,ml,11.0,74.0,0.4442,0.08,mb,mb90031908,2023-11-04T14:19:30.060Z,"35 km NW of Stanley, Idaho",earthquake,0.28,0.84,0.325840810348808,12.0,reviewed,mb,mb,4046.4186728909376
2023-11-04T04:04:33.540Z,58.9952,-136.3334,0.0,1.7,ml,,,,0.36,ak,ak023e5fxjyy,2023-11-04T04:06:31.880Z,Southeastern Alaska,earthquake,,1.2,,,automatic,ak,ak,4112.817031340494
2023-11-04T06:29:24.507Z,64.6205,-146.5083,18.2,1.1,ml,,,,0.53,ak,ak023e5h9rec,2023-11-04T06:32:24.848Z,"21 km ENE of Salcha, Alaska",earthquake,,0.2,,,automatic,ak,ak,4186.4456036675765
2023-11-04T14:55:23.623Z,59.98,-139.5158,3.5,1.9,ml,,,,0.51,ak,ak023e5m6sru,2023-11-04T14:57:20.890Z,"49 km NNE of Yakutat, Alaska",earthquake,,0.3,,,automatic,ak,ak,4193.67287396697
2023-11-03T22:00:17.100Z,56.9671666666667,-136.114666666667,21.3,0.76,ml,4.0,347.0,,0.13,av,av91120673,2023-11-04T04:19:53.820Z,"48 km WSW of Sitka, Alaska",earthquake,4.97,1.91,0.348684266816097,4.0,reviewed,av,av,4237.708028449152
2023-11-03T23:21:56.580Z,46.196333333333335,-122.19033333333331,5.33,0.1,ml,10.0,91.0,0.02318,0.17,uw,uw61961342,2023-11-04T02:42:08.480Z,"Mount St. Helens area, Washington",earthquake,0.48,0.77,0.1418139716998911,5.0,reviewed,uw,uw,4296.183872012566
2023-11-03T23:22:02.453Z,64.8286,-149.8039,32.2,1.0,ml,,,,0.2,ak,ak023e43t8gl,2023-11-03T23:23:25.134Z,"41 km NW of Four Mile Road, Alaska",earthquake,,1.1,,,automatic,ak,ak,4299.4410610373
2023-11-04T09:09:33.949Z,63.4702,-147.5217,1.7,1.3,ml,,,,0.4,ak,ak023e5ixslu,2023-11-04T09:11:13.001Z,"71 km E of Cantwell, Alaska",earthquake,,0.5,,,automatic,ak,ak,4301.552053434691
2023-11-04T00:46:44.762Z,63.6171,-147.8595,7.6,2.8,ml,,,,0.86,ak,ak023e5dsuev,2023-11-04T01:04:53.040Z,"53 km ESE of Denali Park, Alaska",earthquake,,0.4,,,automatic,ak,ak,4305.118153556616
2023-11-04T08:33:57.983Z,63.6771,-149.3366,104.6,1.4,ml,,,,0.22,ak,ak023e5ihk1i,2023-11-04T08:36:10.909Z,Central Alaska,earthquake,,0.7,,,automatic,ak,ak,4359.046827358444
2023-11-04T06:47:53.213Z,61.3648,-146.0996,27.0,1.6,ml,,,,0.69,ak,ak023e5hdohl,2023-11-04T06:49:34.324Z,"29 km NNE of Valdez, Alaska",earthquake,,0.2,,,automatic,ak,ak,4386.179758397144
2023-11-04T02:31:08.433Z,61.4527,-146.5918,22.3,1.4,ml,,,,0.55,ak,ak023e5ewf5n,2023-11-04T02:32:56.716Z,"38 km NNW of Valdez, Alaska",earthquake,,0.3,,,automatic,ak,ak,4400.6865330989
2023-11-04T00:42:10.087Z,61.6349,-146.9027,34.0,1.3,ml,,,,0.61,ak,ak023e5drwxk,2023-11-04T00:44:30.522Z,"36 km SSE of Eureka Roadhouse, Alaska",earthquake,,0.2,,,automatic,ak,ak,4401.031393643697
2023-11-03T22:30:22.985Z,62.1588,-148.132,32.7,1.1,ml,,,,0.32,ak,ak023e439k62,2023-11-03T22:32:26.113Z,"43 km NNE of Chickaloon, Alaska",earthquake,,0.2,,,automatic,ak,ak,4415.267942692021
2023-11-04T11:50:14.782Z,63.5473,-150.84,0.0,1.6,ml,,,,0.69,ak,ak023e5kdep2,2023-11-04T11:52:18.530Z,"43 km E of Denali National Park, Alaska",earthquake,,0.4,,,automatic,ak,ak,4426.358319190002
2023-11-04T14:53:12.498Z,62.2165,-148.592,34.6,1.5,ml,,,,0.2,ak,ak023e5m6chd,2023-11-04T14:54:44.657Z,"47 km N of Chickaloon, Alaska",earthquake,,0.2,,,automatic,ak,ak,4429.915779282982
2023-11-04T14:44:25.779Z,61.3616,-147.2008,12.8,1.3,ml,,,,0.51,ak,ak023e5m4g29,2023-11-04T14:46:40.181Z,"52 km WNW of Valdez, Alaska",earthquake,,0.2,,,automatic,ak,ak,4432.342088714173
2023-11-04T12:49:21.218Z,63.1072,-150.3568,105.1,1.4,ml,,,,0.22,ak,ak023e5kyn2x,2023-11-04T12:51:23.022Z,"71 km NNE of Petersville, Alaska",earthquake,,1.5,,,automatic,ak,ak,4438.184530941888
2023-11-04T03:48:20.839Z,61.0208,-147.2673,20.0,1.7,ml,,,,0.65,ak,ak023e5fliw3,2023-11-04T03:50:32.636Z,"36 km WNW of Tatitlek, Alaska",earthquake,,0.4,,,automatic,ak,ak,4458.930625486996
2023-11-04T15:27:33.529Z,61.3229,-147.8161,0.0,1.6,ml,,,,1.38,ak,ak023e5mm93c,2023-11-04T15:29:45.428Z,"54 km S of Glacier View, Alaska",earthquake,,0.3,,,automatic,ak,ak,4460.567471411348
2023-11-04T04:58:46.951Z,62.278,-149.65,59.2,1.1,ml,,,,0.49,ak,ak023e5g95kj,2023-11-04T05:01:03.091Z,"16 km NE of Susitna North, Alaska",earthquake,,1.0,,,automatic,ak,ak,4468.218496013079
2023-11-04T13:11:29.986Z,63.1646,-151.2967,9.8,1.6,ml,,,,0.41,ak,ak023e5lby5i,2023-11-04T13:13:04.189Z,"47 km SSE of Denali National Park, Alaska",earthquake,,0.3,,,automatic,ak,ak,4470.833235270299
2023-11-04T10:18:31.348Z,66.5496,-157.9695,15.0,3.2,ml,,,,0.83,ak,ak023e5jl5ox,2023-11-04T11:04:08.040Z,"52 km SW of Shungnak, Alaska",earthquake,,6.3,,,automatic,ak,ak,4473.217186216966
2023-11-04T12:53:55.645Z,62.2815,-149.875,19.2,1.2,ml,,,,0.43,ak,ak023e5kzklo,2023-11-04T12:56:34.540Z,"13 km ESE of Talkeetna, Alaska",earthquake,,0.3,,,automatic,ak,ak,4476.982109412148
2023-11-04T08:56:15.954Z,62.7919,-150.8729,90.1,1.6,ml,,,,0.62,ak,ak023e5ime9n,2023-11-04T08:57:59.337Z,Central Alaska,earthquake,,0.8,,,automatic,ak,ak,4480.5519061674095
2023-11-03T23:52:03.161Z,41.9493,-119.6282,1.3,1.6,ml,4.0,128.04,0.504,0.13,nn,nn00868423,2023-11-04T00:28:10.466Z,"44 km ENE of Fort Bidwell, California",earthquake,,4.8,0.57,4.0,reviewed,nn,nn,4494.553635517735
2023-11-04T05:20:41.647Z,62.4548,-151.399,83.9,1.5,ml,,,,0.27,ak,ak023e5gmfno,2023-11-04T05:22:22.795Z,"33 km W of Petersville, Alaska",earthquake,,0.6,,,automatic,ak,ak,4525.19144899495
2023-11-04T03:18:20.046Z,62.1937,-150.9754,65.8,1.6,ml,,,,0.3,ak,ak023e5ff3ck,2023-11-04T03:19:57.162Z,Central Alaska,earthquake,,0.5,,,automatic,ak,ak,4527.090030536121
2023-11-04T20:32:14.741Z,62.2951,-151.4051,17.8,1.2,ml,,,,0.4,ak,ak023e5pmg8y,2023-11-04T20:34:10.832Z,"33 km N of Skwentna, Alaska",earthquake,,0.3,,,automatic,ak,ak,4536.8617704032395
2023-11-04T21:13:06.082Z,61.8121,-150.7436,52.0,1.1,ml,,,,0.53,ak,ak023e5q3s6d,2023-11-04T21:16:04.752Z,Southern Alaska,earthquake,,2.1,,,automatic,ak,ak,4545.168394023675
2023-11-04T03:25:51.727Z,61.1134,-149.7263,37.6,1.3,ml,,,,0.7,ak,ak023e5fgnt0,2023-11-04T03:27:43.693Z,Southern Alaska,earthquake,,0.5,,,automatic,ak,ak,4554.124038967245
2023-11-04T09:06:37.839Z,31.776,-104.287,13.8429,2.1,ml(texnet),7.0,233.0,0.1,0.2,tx,tx2023vppm,2023-11-04T09:28:56.757Z,"45 km S of Whites City, New Mexico",earthquake,0.0,10.4896138,0.3,7.0,automatic,tx,tx,4555.200143700901
2023-11-04T03:08:14.629Z,62.7789,-152.8288,3.9,1.5,ml,,,,0.56,ak,ak023e5fcxrq,2023-11-04T03:10:53.726Z,Central Alaska,earthquake,,0.5,,,automatic,ak,ak,4557.735555312536
2023-11-04T17:25:39.015Z,31.667,-104.186,4.4005,1.7,ml(texnet),19.0,62.0,0.1,0.3,tx,tx2023vqfz,2023-11-04T17:53:30.068Z,"54 km NW of Toyah, Texas",earthquake,0.0,1.206462837,0.2,14.0,automatic,tx,tx,4560.221043793573
2023-11-03T23:40:43.376Z,31.669,-104.19,4.3412,1.7,ml(texnet),19.0,105.0,0.1,0.2,tx,tx2023vowu,2023-11-04T00:04:23.085Z,"54 km NW of Toyah, Texas",earthquake,0.0,1.404898948,0.2,14.0,automatic,tx,tx,4560.23857161349
2023-11-04T19:41:59.863Z,31.572,-104.016,4.8992,1.7,ml(texnet),13.0,62.0,0.0,0.3,tx,tx2023vqkl,2023-11-04T19:51:53.056Z,"35 km NW of Toyah, Texas",earthquake,0.0,1.434398456,0.2,10.0,automatic,tx,tx,4560.425947916167
2023-11-04T12:16:48.363Z,31.613,-104.185,4.3621,1.5,ml(texnet),18.0,88.0,0.1,0.5,tx,tx2023vpvt,2023-11-04T13:00:52.434Z,"49 km NW of Toyah, Texas",earthquake,0.0,1.280960283,0.1,13.0,automatic,tx,tx,4565.222605329307
2023-11-04T08:39:04.854Z,31.66,-104.306,8.1111,2.4,ml(texnet),61.0,58.0,0.0,0.2,tx,tx2023vpon,2023-11-04T14:46:07.570Z,"57 km S of Whites City, New Mexico",earthquake,0.6109940244,0.8376315058,0.1,41.0,reviewed,tx,tx,4567.017310143252
2023-11-04T08:36:32.431Z,31.646,-104.306,4.0781,1.9,mlv,18.0,69.0,0.0,0.3,tx,tx2023vpom,2023-11-04T09:28:35.550Z,"59 km S of Whites City, New Mexico",earthquake,0.0,1.302804559,0.1,13.0,automatic,tx,tx,4568.326626470891
2023-11-04T13:56:23.133Z,31.609,-104.24,8.0371,1.5,ml(texnet),13.0,137.0,0.1,0.3,tx,tx2023vpzb,2023-11-04T14:14:50.790Z,western Texas,earthquake,0.0,8.970390356,0.3,11.0,automatic,tx,tx,4568.410122749821
2023-11-04T08:10:21.475Z,31.646,-104.309,3.8202,1.8,ml(texnet),19.0,69.0,0.0,0.4,tx,tx2023vpnq,2023-11-04T08:48:05.222Z,"59 km S of Whites City, New Mexico",earthquake,0.0,1.284372758,0.1,15.0,automatic,tx,tx,4568.4802244218
2023-11-04T08:46:17.297Z,31.642,-104.306,4.6359,1.6,ml(texnet),20.0,69.0,0.0,0.3,tx,tx2023vpou,2023-11-04T09:31:45.795Z,western Texas,earthquake,0.0,1.226128034,0.2,16.0,automatic,tx,tx,4568.700740297102
2023-11-04T13:22:11.839Z,31.593,-104.256,10.5791,2.4,ml(texnet),18.0,72.0,0.1,0.2,tx,tx2023vpxx,2023-11-04T16:47:09.964Z,"53 km NW of Toyah, Texas",earthquake,1.467672791,2.007042521,0.2,12.0,reviewed,tx,tx,4570.725885974597
2023-11-04T07:37:55.667Z,31.65,-104.368,4.3088,1.6,ml(texnet),19.0,71.0,0.1,0.3,tx,tx2023vpmo,2023-11-04T08:00:44.744Z,"58 km S of Whites City, New Mexico",earthquake,0.0,1.315136396,0.2,15.0,automatic,tx,tx,4571.127710753284
2023-11-04T04:08:39.950Z,31.659,-104.397,4.5476,1.5,ml(texnet),19.0,71.0,0.0,0.3,tx,tx2023vpfq,2023-11-04T04:38:50.452Z,western Texas,earthquake,0.0,1.336476714,0.1,15.0,automatic,tx,tx,4571.771981281512
2023-11-04T15:47:31.780Z,31.686,-104.508,6.7607,1.6,ml(texnet),14.0,127.0,0.0,0.2,tx,tx2023vqcs,2023-11-04T16:06:21.000Z,"55 km SSW of Whites City, New Mexico",earthquake,0.0,2.506552121,0.1,12.0,automatic,tx,tx,4574.9390794743595
2023-11-04T02:52:16.388Z,30.967,-103.631,3.4825,1.5,ml(texnet),13.0,79.0,0.1,0.5,tx,tx2023vpdd,2023-11-04T03:18:51.056Z,"11 km E of Balmorhea, Texas",earthquake,0.0,1.518810739,0.1,11.0,automatic,tx,tx,4597.66041213559
2023-11-04T10:47:18.780Z,60.9286,-150.5079,33.5,1.5,ml,,,,0.66,ak,ak023e5jrc92,2023-11-04T10:49:31.387Z,"9 km E of Point Possession, Alaska",earthquake,,0.2,,,automatic,ak,ak,4599.471919690683
2023-11-03T21:54:31.411Z,60.9532,-150.7064,34.4,1.9,ml,,,,0.21,ak,ak023e42taed,2023-11-03T21:55:59.825Z,"Kenai Peninsula, Alaska",earthquake,,0.5,,,automatic,ak,ak,4605.784721464079
2023-11-04T15:14:39.349Z,60.5118,-150.1803,38.0,1.3,ml,,,,0.68,ak,ak023e5mjh8e,2023-11-04T15:16:15.787Z,"19 km W of Cooper Landing, Alaska",earthquake,,0.5,,,automatic,ak,ak,4616.392474414109
2023-11-04T05:54:02.887Z,39.6315,-119.6417,7.0,2.0,ml,25.0,75.38,0.053,0.1928,nn,nn00868427,2023-11-04T14:14:03.931Z,"5 km ESE of Spanish Springs, Nevada",earthquake,,1.2,0.3,7.0,reviewed,nn,nn,4688.80920423539
2023-11-04T10:08:16.264Z,60.044,-151.3804,52.9,1.3,ml,,,,0.23,ak,ak023e5jiz4q,2023-11-04T10:10:20.377Z,"16 km E of Ninilchik, Alaska",earthquake,,1.6,,,automatic,ak,ak,4700.40585744177
2023-11-04T11:26:14.752Z,60.4349,-152.147,86.4,1.3,ml,,,,0.44,ak,ak023e5k89ib,2023-11-04T11:28:06.040Z,"46 km W of Cohoe, Alaska",earthquake,,0.7,,,automatic,ak,ak,4702.6897758515115
2023-11-04T19:56:34.281Z,38.8958,-118.8326,1.1,2.3,ml,16.0,59.9,0.545,0.2101,nn,nn00868445,2023-11-04T19:58:55.123Z,"6 km SSW of Schurz, Nevada",earthquake,,7.0,0.27,10.0,automatic,nn,nn,4706.313136780588
2023-11-04T07:07:31.369Z,59.983,-151.4631,63.0,1.1,ml,,,,0.29,ak,ak023e5hqh1c,2023-11-04T14:22:34.834Z,"13 km ESE of Ninilchik, Alaska",earthquake,,0.7,,,reviewed,ak,ak,4708.362902622945
2023-11-04T10:00:13.370Z,18.0211666666667,-66.7746666666667,14.9,2.84,md,18.0,152.0,0.01609,0.15,pr,pr71430743,2023-11-04T10:18:38.320Z,"0 km NW of Magas Arriba, Puerto Rico",earthquake,0.31,0.43,0.146030643841454,8.0,reviewed,pr,pr,4709.3148875708985
2023-11-04T08:36:38.440Z,17.9753333333333,-66.847,14.36,2.82,md,30.0,177.0,0.0307,0.21,pr,pr71430713,2023-11-04T09:15:22.670Z,"3 km SW of Indios, Puerto Rico",earthquake,0.41,0.41,0.18000426915066,14.0,reviewed,pr,pr,4715.156542514129
2023-11-04T17:37:58.257Z,37.0857,-116.1903,3.8,0.4,ml,11.0,69.27,0.13,0.1208,nn,nn00868442,2023-11-04T17:39:51.097Z,Nevada,earthquake,,0.0,0.96,8.0,automatic,nn,nn,4715.684266108138
2023-11-03T23:57:40.980Z,17.9926666666667,-67.1596666666667,14.43,2.36,md,10.0,262.0,0.04957,0.12,pr,pr71430703,2023-11-04T00:12:14.800Z,"3 km NE of Pole Ojea, Puerto Rico",earthquake,0.73,0.46,0.0396154304194565,4.0,reviewed,pr,pr,4716.652723734812
2023-11-04T09:05:54.400Z,17.9486666666667,-66.8475,14.85,2.25,md,12.0,210.0,0.04003,0.07,pr,pr71430733,2023-11-04T09:42:56.900Z,Puerto Rico region,earthquake,0.52,0.32,0.0637353090582142,8.0,reviewed,pr,pr,4718.111868372463
2023-11-04T19:38:54.160Z,36.84,-115.8897,12.0,0.4,ml,18.0,214.05,0.125,0.3017,nn,nn00868444,2023-11-04T19:41:07.017Z,Nevada,earthquake,,1.1,0.4,11.0,automatic,nn,nn,4720.474473938649
2023-11-04T11:45:17.492Z,38.1496,-117.9683,1.7,1.6,ml,19.0,100.06,0.051,0.3554,nn,nn00868434,2023-11-04T11:48:11.095Z,"29 km SSE of Mina, Nevada",earthquake,,1.5,0.36,12.0,automatic,nn,nn,4722.1928549732675
2023-11-04T08:48:36.630Z,17.8841666666667,-66.8963333333333,7.33,2.14,md,4.0,291.0,0.09184,0.09,pr,pr71430723,2023-11-04T09:01:47.160Z,"9 km S of Guánica, Puerto Rico",earthquake,0.84,0.35,0.184774812567358,2.0,reviewed,pr,pr,4725.771007186634
2023-11-04T10:14:25.767Z,38.1181,-117.9861,5.2,1.9,ml,16.0,93.19,0.081,0.2087,nn,nn00868432,2023-11-04T10:17:10.328Z,"32 km SSE of Mina, Nevada",earthquake,,0.5,0.42,11.0,automatic,nn,nn,4725.888040281331
2023-11-04T01:53:16.490Z,39.4001,-120.2015,14.0,0.6,ml,7.0,207.81,0.167,0.1555,nn,nn00868440,2023-11-04T13:57:40.837Z,"8 km N of Truckee, California",earthquake,,2.8,0.17,4.0,reviewed,nn,nn,4739.526342119604
2023-11-04T20:31:14.017Z,36.2078,-115.4788,1.0,0.7,ml,12.0,335.16,0.598,0.1965,nn,nn00868450,2023-11-04T20:33:53.525Z,Nevada,earthquake,,63.6,0.29,4.0,automatic,nn,nn,4753.1135243249655
2023-11-04T05:02:18.145Z,36.6555,-116.2711,6.9,0.1,ml,27.0,93.97,0.055,0.0888,nn,nn00868426,2023-11-04T14:04:05.978Z,"51 km ESE of Beatty, Nevada",earthquake,,0.6,0.34,14.0,reviewed,nn,nn,4757.637123477024
2023-11-04T03:03:33.806Z,60.1691,-153.1198,130.9,1.5,ml,,,,0.67,ak,ak023e5fbwo4,2023-11-04T03:06:32.452Z,"66 km E of Port Alsworth, Alaska",earthquake,,0.7,,,automatic,ak,ak,4762.178316203557
2023-11-04T12:16:56.622Z,36.5899,-116.275,7.1,-0.3,ml,7.0,137.23,0.076,0.0386,nn,nn00868441,2023-11-04T14:16:39.086Z,"49 km NNW of Pahrump, Nevada",earthquake,,3.1,0.57,5.0,reviewed,nn,nn,4763.581910717136
2023-11-03T22:54:32.490Z,60.0523333333333,-153.054833333333,6.14,-0.45,ml,5.0,194.0,,0.27,av,av92106076,2023-11-04T04:26:16.940Z,"65 km ENE of Pedro Bay, Alaska",earthquake,1.26,1.35,0.192079450282725,5.0,reviewed,av,av,4768.366920599156
2023-11-04T11:41:36.376Z,59.6427,-152.7744,86.2,1.4,ml,,,,0.46,ak,ak023e5kbix1,2023-11-04T11:43:49.154Z,Southern Alaska,earthquake,,0.5,,,automatic,ak,ak,4787.945532739798
2023-11-04T06:40:58.769Z,59.7778,-153.0698,101.2,2.3,ml,,,,0.26,ak,ak023e5hc6u0,2023-11-04T06:47:52.040Z,"58 km E of Pedro Bay, Alaska",earthquake,,0.5,,,automatic,ak,ak,4789.78885424915
2023-11-04T09:01:33.534Z,59.4353,-152.6974,75.6,3.0,ml,,,,0.29,ak,ak023e5iw2sh,2023-11-04T09:12:48.040Z,"44 km W of Nanwalek, Alaska",earthquake,,0.5,,,automatic,ak,ak,4800.538385425116
2023-11-03T22:27:30.110Z,37.4928322,-118.6435013,8.65,1.43,md,11.0,138.0,0.1534,0.03,nc,nc73955705,2023-11-04T01:33:11.257Z,"8 km SSE of Toms Place, CA",earthquake,0.97,3.56,0.16,7.0,automatic,nc,nc,4816.269620928695
2023-11-04T12:03:57.930Z,37.5805016,-118.8796692,3.65,0.91,md,12.0,208.0,0.04065,0.02,nc,nc73955960,2023-11-04T13:51:12.536Z,"11 km SE of Mammoth Lakes, CA",earthquake,1.1,0.89,0.12,11.0,automatic,nc,nc,4821.801031424724
2023-11-04T16:17:22.559Z,58.9098,-152.5063,63.5,1.8,ml,,,,0.43,ak,ak023e5n5iov,2023-11-04T16:19:47.973Z,"59 km SSW of Nanwalek, Alaska",earthquake,,0.6,,,automatic,ak,ak,4832.715602609871
2023-11-04T13:46:37.490Z,40.4883347,-123.7938309,21.83,1.73,md,15.0,111.0,0.06512,0.08,nc,nc73955980,2023-11-04T15:01:11.966Z,"26 km E of Rio Dell, CA",earthquake,0.56,0.43,0.16,8.0,automatic,nc,nc,4847.356828351993
2023-11-04T17:34:14.363Z,58.7363,-153.5736,78.4,1.4,ml,,,,0.34,ak,ak023e5nuli7,2023-11-04T19:27:33.270Z,"Kodiak Island region, Alaska",earthquake,,1.1,,,reviewed,ak,ak,4890.406367185673
2023-11-04T19:22:38.389Z,58.7482,-153.6339,6.9,1.3,ml,,,,0.84,ak,ak023e5oyxtu,2023-11-04T19:39:57.635Z,"87 km NNW of Aleneva, Alaska",earthquake,,0.3,,,reviewed,ak,ak,4891.981545420388
2023-11-03T22:02:11.245Z,58.7047,-153.617,17.6,2.1,ml,,,,0.25,ak,ak023e433j7o,2023-11-04T04:12:24.770Z,"82 km NNW of Aleneva, Alaska",earthquake,,0.4,,,automatic,ak,ak,4894.651743907443
2023-11-04T09:04:41.586Z,58.7529,-153.7509,6.3,1.4,ml,,,,0.42,ak,ak023e5iwqm6,2023-11-04T09:06:55.232Z,"91 km NNW of Aleneva, Alaska",earthquake,,0.5,,,automatic,ak,ak,4896.457569405182
2023-11-04T01:22:37.398Z,58.7308,-153.7112,11.8,1.7,ml,,,,0.83,ak,ak023e5e94cb,2023-11-04T01:24:16.681Z,"88 km NNW of Aleneva, Alaska",earthquake,,0.3,,,automatic,ak,ak,4896.528809204353
2023-11-03T21:44:37.202Z,58.7149,-153.6963,12.8,1.6,ml,,,,0.38,ak,ak023e42r5oo,2023-11-04T04:05:23.970Z,"86 km NNW of Aleneva, Alaska",earthquake,,0.2,,,automatic,ak,ak,4897.144867958309
2023-11-03T23:06:47.949Z,58.6984,-153.6858,7.1,1.1,ml,,,,0.66,ak,ak023e43pwzt,2023-11-04T04:30:47.550Z,"84 km NNW of Aleneva, Alaska",earthquake,,0.3,,,reviewed,ak,ak,4897.989510555302
2023-11-04T20:45:06.966Z,58.7017,-153.7006,15.8,1.9,ml,,,,0.58,ak,ak023e5pp7yg,2023-11-04T20:46:35.130Z,"Kodiak Island region, Alaska",earthquake,,0.2,,,automatic,ak,ak,4898.346380529115
2023-11-04T20:28:54.447Z,58.722,-153.7647,15.0,1.7,ml,,,,0.43,ak,ak023e5plog4,2023-11-04T20:30:35.822Z,"89 km NW of Aleneva, Alaska",earthquake,,0.2,,,automatic,ak,ak,4899.424528147787
2023-11-03T22:59:28.550Z,58.6611666666667,-153.693833333333,10.08,0.47,ml,5.0,193.0,,0.22,av,av92106081,2023-11-04T04:43:24.030Z,"81 km NW of Aleneva, Alaska",earthquake,4.15,1.46,0.281308179069067,5.0,reviewed,av,av,4901.210136311694
2023-11-03T22:39:07.540Z,58.6653333333333,-153.721,9.8,0.2,ml,4.0,345.0,,0.08,av,av92106061,2023-11-04T04:23:30.520Z,"Kodiak Island region, Alaska",earthquake,2.79,2.42,0.284900231704653,4.0,reviewed,av,av,4902.01215779836
2023-11-03T21:44:51.840Z,58.5976666666667,-153.635666666667,-3.19,1.32,ml,9.0,177.0,,0.32,av,av91120668,2023-11-04T04:07:15.120Z,"Kodiak Island region, Alaska",earthquake,4.33,1.84,0.359067520931581,9.0,reviewed,av,av,4903.72600315468
2023-11-04T10:38:23.170Z,35.7651667,-117.6038333,8.11,0.58,ml,13.0,161.0,0.1379,0.14,ci,ci39707298,2023-11-04T10:41:53.426Z,"17 km NNE of Ridgecrest, CA",earthquake,0.53,1.59,0.066,5.0,automatic,ci,ci,4909.275916226194
2023-11-04T08:11:30.430Z,35.694,-117.5226667,7.92,2.25,ml,31.0,75.0,0.08557,0.15,ci,ci39707258,2023-11-04T08:22:33.290Z,"14 km SW of Searles Valley, CA",earthquake,0.26,0.91,0.157,24.0,automatic,ci,ci,4911.045303066799
2023-11-04T21:00:53.943Z,58.7453,-154.091,19.1,1.3,ml,,,,0.32,ak,ak023e5q13yq,2023-11-04T21:02:35.660Z,"86 km SSE of Kokhanok, Alaska",earthquake,,0.2,,,automatic,ak,ak,4911.091512185121
2023-11-04T06:58:36.270Z,35.6495,-117.4633333,9.06,1.03,ml,18.0,71.0,0.03583,0.2,ci,ci39707106,2023-11-04T07:03:22.809Z,"14 km SSW of Searles Valley, CA",earthquake,0.42,0.77,0.13,8.0,automatic,ci,ci,4911.680315503885
2023-11-04T14:40:03.280Z,35.6158333,-117.439,7.55,0.58,ml,10.0,88.0,0.03484,0.21,ci,ci39707450,2023-11-04T14:43:38.481Z,"17 km S of Searles Valley, CA",earthquake,0.55,0.79,0.07,4.0,automatic,ci,ci,4913.298048623569
2023-11-04T08:38:29.820Z,35.638,-117.6111667,8.23,1.07,ml,19.0,73.0,0.1258,0.22,ci,ci39707266,2023-11-04T08:42:13.731Z,"6 km ENE of Ridgecrest, CA",earthquake,0.43,1.37,0.134,10.0,automatic,ci,ci,4920.8622574748915
2023-11-03T22:22:45.920Z,38.6878333,-122.4958333,7.04,1.04,md,27.0,110.0,0.09392,0.07,nc,nc73955695,2023-11-04T00:07:12.735Z,"13 km SE of Middletown, CA",earthquake,0.16,0.81,0.17,28.0,reviewed,nc,nc,4927.686950537957
2023-11-04T17:50:49.770Z,38.6878319,-122.4978333,6.47,2.18,md,30.0,57.0,,0.11,nc,nc73956045,2023-11-04T19:32:13.523Z,"12 km SE of Middletown, CA",earthquake,0.24,0.85,0.08,34.0,automatic,nc,nc,4927.798251529372
2023-11-03T22:26:11.710Z,38.6856667,-122.4981667,6.82,1.24,md,36.0,67.0,0.09408,0.08,nc,nc73955700,2023-11-04T03:46:10.950Z,"13 km SE of Middletown, CA",earthquake,0.14,0.6,0.149,31.0,reviewed,nc,nc,4928.001683380779
2023-11-04T18:07:21.390Z,38.6850014,-122.5028305,3.61,1.27,md,8.0,128.0,0.09186,0.03,nc,nc73956050,2023-11-04T20:04:12.717Z,"12 km SE of Middletown, CA",earthquake,0.41,3.99,0.27,8.0,automatic,nc,nc,4928.317761603029
2023-11-04T15:42:46.395Z,58.5929,-154.2861,8.7,1.1,ml,,,,0.36,ak,ak023e5mphtr,2023-11-04T15:44:55.040Z,Alaska Peninsula,earthquake,,1.0,,,automatic,ak,ak,4931.0133017857825
2023-11-04T07:44:59.800Z,38.8204994,-122.7624969,1.86,2.11,md,47.0,56.0,0.01152,0.05,nc,nc73955855,2023-11-04T09:38:11.157Z,"3 km W of Cobb, CA",earthquake,0.16,0.25,0.12,42.0,automatic,nc,nc,4931.188141913772
2023-11-04T01:34:05.430Z,38.8356667,-122.7903366,1.7,0.28,md,7.0,82.0,0.002738,0.01,nc,nc73955765,2023-11-04T04:17:11.127Z,"6 km WNW of Cobb, CA",earthquake,0.5,1.48,0.19,8.0,automatic,nc,nc,4931.442047271295
2023-11-04T09:14:29.350Z,38.850666,-122.8215027,3.02,0.21,md,8.0,118.0,0.004241,0.01,nc,nc73955880,2023-11-04T11:20:10.664Z,"9 km WNW of Cobb, CA",earthquake,1.41,3.17,0.09,8.0,automatic,nc,nc,4931.895324846832
2023-11-04T12:18:33.010Z,38.7849998,-122.7233353,1.0,1.52,md,15.0,85.0,0.01061,0.03,nc,nc73955965,2023-11-04T14:19:11.707Z,"3 km WNW of Anderson Springs, CA",earthquake,0.26,0.59,0.11,17.0,automatic,nc,nc,4932.039621206983
2023-11-04T08:27:26.630Z,38.8083344,-122.7639999,7.79,0.78,md,10.0,150.0,0.02258,0.07,nc,nc73955875,2023-11-04T10:50:10.570Z,"4 km N of The Geysers, CA",earthquake,1.66,3.81,0.14,10.0,automatic,nc,nc,4932.309305056443
2023-11-04T18:36:27.410Z,38.8359985,-122.8071671,2.15,1.43,md,23.0,52.0,0.01279,0.01,nc,nc73956060,2023-11-04T21:13:13.139Z,"7 km WNW of Cobb, CA",earthquake,0.21,0.41,0.16,25.0,automatic,nc,nc,4932.349248957791
2023-11-04T14:04:13.930Z,38.7986679,-122.7509995,2.66,1.05,md,10.0,97.0,,0.01,nc,nc73955990,2023-11-04T15:59:14.307Z,"2 km N of The Geysers, CA",earthquake,0.38,0.99,0.22,9.0,automatic,nc,nc,4932.4112740975015
2023-11-04T03:40:12.880Z,38.8253326,-122.8040009,2.56,1.07,md,27.0,34.0,0.005123,0.01,nc,nc73955800,2023-11-04T05:00:14.390Z,"7 km NW of The Geysers, CA",earthquake,0.2,0.4,0.12,27.0,automatic,nc,nc,4933.082881139364
2023-11-04T10:36:20.430Z,38.840332,-122.8280029,1.86,0.52,md,16.0,104.0,0.006098,0.01,nc,nc73955945,2023-11-04T12:57:12.225Z,"9 km WNW of Cobb, CA",earthquake,0.26,0.69,0.38,16.0,automatic,nc,nc,4933.137817582384
2023-11-04T14:09:38.500Z,38.831501,-122.8148346,1.09,0.4,md,8.0,86.0,0.008907,0.01,nc,nc73955995,2023-11-04T16:26:13.453Z,"8 km NW of The Geysers, CA",earthquake,0.35,1.13,0.3,10.0,automatic,nc,nc,4933.158983221029
2023-11-04T10:03:08.010Z,38.8180008,-122.7955017,2.38,1.09,md,16.0,42.0,0.01002,0.03,nc,nc73955925,2023-11-04T10:41:18.410Z,"6 km NW of The Geysers, CA",earthquake,0.28,0.59,0.22,16.0,automatic,nc,nc,4933.235795358932
2023-11-04T04:25:21.670Z,38.8313332,-122.8168335,1.64,0.94,md,14.0,51.0,0.009524,0.01,nc,nc73955810,2023-11-04T06:11:18.783Z,"8 km NW of The Geysers, CA",earthquake,0.27,0.57,0.23,15.0,automatic,nc,nc,4933.284398932456
2023-11-04T03:14:30.310Z,38.8301659,-122.8156662,1.71,1.54,md,30.0,45.0,0.008049,0.03,nc,nc73955785,2023-11-04T06:03:11.738Z,"8 km NW of The Geysers, CA",earthquake,0.15,0.28,0.2,30.0,automatic,nc,nc,4933.319067706857
2023-11-04T05:52:37.050Z,38.831501,-122.8180008,1.68,0.4,md,9.0,81.0,0.01019,0.01,nc,nc73955820,2023-11-04T06:11:17.783Z,"8 km NW of The Geysers, CA",earthquake,0.43,0.75,0.24,9.0,automatic,nc,nc,4933.3349707513
2023-11-04T09:39:52.150Z,38.8163338,-122.7953339,2.67,0.77,md,11.0,64.0,0.008354,0.01,nc,nc73955905,2023-11-04T12:02:11.925Z,"6 km NW of The Geysers, CA",earthquake,0.37,1.06,0.46,14.0,automatic,nc,nc,4933.368653262572
2023-11-04T09:49:43.120Z,38.7913322,-122.7596664,0.85,0.89,md,13.0,69.0,0.009279,0.02,nc,nc73955920,2023-11-04T10:30:13.353Z,"2 km N of The Geysers, CA",earthquake,0.23,0.67,0.15,13.0,automatic,nc,nc,4933.518841263522
2023-11-03T23:34:20.270Z,38.7808342,-122.7453308,-0.16,0.96,md,8.0,110.0,0.007141,0.02,nc,nc73955720,2023-11-03T23:51:10.652Z,"1 km ENE of The Geysers, CA",earthquake,0.34,0.48,0.14,7.0,automatic,nc,nc,4933.617666288259
2023-11-04T07:25:36.490Z,38.7885017,-122.7614975,1.85,1.06,md,19.0,63.0,0.01219,0.03,nc,nc73955850,2023-11-04T09:23:12.076Z,"1 km NNW of The Geysers, CA",earthquake,0.25,0.44,0.07,18.0,automatic,nc,nc,4933.86210836563
2023-11-03T23:32:08.540Z,38.8183327,-122.8136673,2.71,1.1,md,25.0,52.0,0.005782,0.02,nc,nc73955715,2023-11-04T02:54:10.685Z,"7 km NW of The Geysers, CA",earthquake,0.22,0.4,0.15,28.0,automatic,nc,nc,4934.217197568908
2023-11-04T19:36:00.730Z,38.8218346,-122.8255005,0.61,1.08,md,14.0,85.0,0.01215,0.03,nc,nc73956080,2023-11-04T20:11:17.765Z,"8 km NW of The Geysers, CA",earthquake,0.2,0.54,0.12,16.0,automatic,nc,nc,4934.576242775323
2023-11-04T04:13:15.280Z,38.8160019,-122.8191681,2.55,1.53,md,28.0,50.0,0.01025,0.02,nc,nc73955805,2023-11-04T07:01:10.102Z,"7 km NW of The Geysers, CA",earthquake,0.2,0.38,0.15,28.0,automatic,nc,nc,4934.721755139362
2023-11-04T06:28:29.950Z,38.8120003,-122.8199997,4.87,0.54,md,8.0,148.0,0.007823,0.01,nc,nc73955840,2023-11-04T06:47:19.000Z,"7 km NW of The Geysers, CA",earthquake,1.11,5.2,0.24,8.0,automatic,nc,nc,4935.109302574688
2023-11-04T04:48:54.550Z,38.8098335,-122.821167,1.93,0.79,md,14.0,60.0,0.006333,0.02,nc,nc73955815,2023-11-04T06:41:16.964Z,"7 km WNW of The Geysers, CA",earthquake,0.26,0.58,0.19,14.0,automatic,nc,nc,4935.359012125087
2023-11-04T09:40:02.380Z,38.802166,-122.8111649,2.42,0.41,md,6.0,141.0,0.01368,0.0,nc,nc73955910,2023-11-04T12:13:09.980Z,"6 km WNW of The Geysers, CA",earthquake,0.67,1.8,0.16,8.0,automatic,nc,nc,4935.457122021212
2023-11-04T20:38:15.080Z,38.8248329,-122.8550034,2.45,1.09,md,15.0,113.0,0.0157,0.02,nc,nc73956095,2023-11-04T20:55:13.042Z,"10 km WNW of The Geysers, CA",earthquake,0.31,0.49,0.17,16.0,automatic,nc,nc,4935.96037578487
2023-11-04T17:08:13.460Z,38.7966652,-122.8154984,3.14,0.74,md,8.0,92.0,0.01279,0.02,nc,nc73956025,2023-11-04T17:58:13.972Z,"6 km WNW of The Geysers, CA",earthquake,0.46,1.55,0.44,10.0,automatic,nc,nc,4936.167260982628
2023-11-04T07:33:19.790Z,35.5971667,-117.8771667,8.41,0.56,ml,10.0,82.0,0.0156,0.15,ci,ci39707242,2023-11-04T07:36:59.431Z,"8 km SW of Inyokern, CA",earthquake,0.4,0.64,0.184,5.0,automatic,ci,ci,4939.160083974739
2023-11-04T17:11:33.477Z,57.8236,-153.3854,47.5,2.2,ml,,,,0.39,ak,ak023e5npotz,2023-11-04T17:15:27.650Z,"30 km W of Port Lions, Alaska",earthquake,,1.8,,,automatic,ak,ak,4953.584789095306
2023-11-04T07:10:24.930Z,37.7615013,-122.0136642,7.38,1.5,md,10.0,96.0,,0.07,nc,nc73955845,2023-11-04T08:56:10.773Z,"4 km WSW of San Ramon, CA",earthquake,0.4,0.65,0.1,8.0,automatic,nc,nc,4980.327331515178
2023-11-04T16:00:00.860Z,37.7244987,-122.1516647,6.06,1.06,md,7.0,147.0,0.02567,0.07,nc,nc73956005,2023-11-04T16:53:16.596Z,"0 km E of San Leandro, CA",earthquake,0.65,1.48,0.05,2.0,automatic,nc,nc,4991.187323795316
2023-11-04T03:55:44.830Z,34.0506667,-116.3535,7.12,0.74,ml,11.0,60.0,0.0355,0.13,ci,ci39706946,2023-11-04T03:59:18.109Z,"10 km SSW of Joshua Tree, CA",earthquake,0.35,0.55,0.138,10.0,automatic,ci,ci,4992.1953307195345
2023-11-04T13:50:15.210Z,36.9700012,-121.6273346,3.95,1.19,md,8.0,88.0,0.03913,0.03,nc,nc73955985,2023-11-04T15:27:12.126Z,"7 km SW of Gilroy, CA",earthquake,0.36,0.54,0.16,7.0,automatic,nc,nc,5027.268543325105
2023-11-04T19:13:17.280Z,34.0493333,-117.1676667,6.2,0.95,ml,24.0,63.0,0.04792,0.24,ci,ci39707818,2023-11-04T19:16:52.022Z,"2 km ESE of Redlands, CA",earthquake,0.4,0.94,0.18,23.0,automatic,ci,ci,5037.1000343576015
2023-11-04T10:37:00.780Z,36.6801682,-121.3518295,0.1,1.55,md,9.0,85.0,0.02757,0.11,nc,nc73955950,2023-11-04T13:23:13.361Z,"12 km SSW of Tres Pinos, CA",earthquake,0.45,1.15,0.21,7.0,automatic,nc,nc,5037.131703690538
2023-11-04T20:37:31.250Z,34.1373333,-117.433,3.6,1.9,ml,25.0,53.0,0.1076,0.25,ci,ci39707866,2023-11-04T20:41:05.967Z,"5 km NNE of Fontana, CA",earthquake,0.44,1.35,0.226,21.0,automatic,ci,ci,5043.873745254223
2023-11-04T20:37:12.420Z,34.131,-117.442,6.43,1.73,ml,63.0,31.0,0.03147,0.25,ci,ci39707858,2023-11-04T20:48:13.770Z,"4 km NNE of Fontana, CA",earthquake,0.26,0.76,0.181,26.0,automatic,ci,ci,5044.933748126392
2023-11-04T21:08:45.800Z,33.989,-117.2126667,15.78,0.96,ml,33.0,58.0,0.1272,0.25,ci,ci39707890,2023-11-04T21:12:20.224Z,"7 km NNE of Moreno Valley, CA",earthquake,0.37,0.92,0.218,25.0,automatic,ci,ci,5044.957706376868
2023-11-04T08:03:22.650Z,33.4965,-116.4203333,7.7,0.37,ml,14.0,93.0,0.1107,0.25,ci,ci39707250,2023-11-04T08:07:02.678Z,"21 km SSW of La Quinta, CA",earthquake,0.68,2.3,0.211,7.0,automatic,ci,ci,5045.427391917906
2023-11-04T21:12:41.170Z,33.4908333,-116.4185,6.75,1.11,ml,41.0,63.0,0.03303,0.18,ci,ci39707914,2023-11-04T21:16:14.628Z,"22 km SSW of La Quinta, CA",earthquake,0.22,0.56,0.204,27.0,automatic,ci,ci,5045.834605887295
2023-11-04T01:38:54.680Z,33.6705,-116.7348333,14.34,0.99,ml,35.0,58.0,0.04407,0.16,ci,ci39706890,2023-11-04T16:36:23.320Z,"8 km S of Idyllwild, CA",earthquake,0.23,0.37,0.206,25.0,reviewed,ci,ci,5047.121902049816
2023-11-04T09:37:09.000Z,33.6655,-116.7408333,16.18,0.56,ml,16.0,78.0,0.05069,0.16,ci,ci39707282,2023-11-04T16:33:17.894Z,"8 km SSW of Idyllwild, CA",earthquake,0.44,0.65,0.117,9.0,reviewed,ci,ci,5047.898971448368
2023-11-04T16:26:20.720Z,33.7621667,-116.9378333,13.99,0.94,ml,29.0,73.0,0.07565,0.2,ci,ci39707586,2023-11-04T16:30:02.547Z,"3 km SE of San Jacinto, CA",earthquake,0.33,0.66,0.103,23.0,automatic,ci,ci,5050.08593177537
2023-11-04T03:59:18.360Z,32.8718333,-115.4936667,7.67,1.29,ml,10.0,163.0,0.04953,0.26,ci,ci39706954,2023-11-04T04:02:52.112Z,"8 km ENE of Imperial, CA",earthquake,1.23,1.0,0.14,12.0,automatic,ci,ci,5050.814457878526
2023-11-04T21:15:44.660Z,32.7493333,-115.4173333,9.03,1.49,ml,16.0,159.0,0.0611,0.3,ci,ci39707930,2023-11-04T21:19:21.645Z,"8 km SSW of Holtville, CA",earthquake,1.16,1.88,0.178,15.0,automatic,ci,ci,5057.693190965669
2023-11-04T12:54:03.260Z,33.449,-116.577,11.13,1.0,ml,34.0,88.0,0.05021,0.15,ci,ci39707338,2023-11-04T16:33:14.010Z,"15 km SE of Anza, CA",earthquake,0.23,0.4,0.188,24.0,reviewed,ci,ci,5058.285724412393
2023-11-04T16:59:23.350Z,34.0241667,-117.6051667,3.03,1.54,ml,49.0,35.0,0.0411,0.2,ci,ci39707626,2023-11-04T17:10:16.160Z,"4 km SSE of Ontario, CA",earthquake,0.21,0.3,0.168,28.0,automatic,ci,ci,5063.443676454962
2023-11-04T16:39:27.210Z,33.4895,-116.7565,6.12,0.83,ml,29.0,74.0,0.04549,0.18,ci,ci39707594,2023-11-04T16:42:57.136Z,"11 km SW of Anza, CA",earthquake,0.22,0.57,0.125,22.0,automatic,ci,ci,5064.515747502026
2023-11-04T05:21:41.680Z,33.2295,-116.3966667,8.75,0.78,ml,21.0,135.0,0.2123,0.26,ci,ci39707082,2023-11-04T05:25:15.911Z,"4 km SW of Borrego Springs, CA",earthquake,0.6,2.85,0.196,11.0,automatic,ci,ci,5068.080869131763
2023-11-04T07:31:16.249Z,57.8318,-156.2224,124.1,1.5,ml,,,,0.26,ak,ak023e5hvmg1,2023-11-04T14:31:50.951Z,"78 km ENE of Ugashik, Alaska",earthquake,,0.5,,,reviewed,ak,ak,5070.9337017244725
2023-11-04T00:52:21.140Z,33.3848333,-116.8991667,13.83,1.23,ml,43.0,60.0,0.1111,0.21,ci,ci39706882,2023-11-04T01:03:04.430Z,"5 km NW of Palomar Observatory, CA",earthquake,0.26,0.65,0.159,22.0,reviewed,ci,ci,5081.733165025028
2023-11-03T23:31:16.890Z,33.1493333,-116.6725,17.47,1.03,ml,42.0,58.0,0.054,0.15,ci,ci39706834,2023-11-04T00:59:14.609Z,"10 km NW of Julian, CA",earthquake,0.2,0.46,0.183,25.0,reviewed,ci,ci,5090.415470691612
2023-11-04T09:43:38.320Z,35.5113335,-120.8126678,5.27,1.74,md,17.0,66.0,,0.08,nc,nc73955915,2023-11-04T12:40:10.131Z,"10 km NE of Cayucos, CA",earthquake,0.29,1.12,0.14,9.0,automatic,nc,nc,5109.352644826858
2023-11-04T03:20:44.900Z,35.6769981,-121.2473297,8.18,2.5,md,41.0,179.0,,0.19,nc,nc73955790,2023-11-04T06:32:25.044Z,"6 km NW of San Simeon, CA",earthquake,0.55,0.78,0.13,40.0,automatic,nc,nc,5118.942287784848
2023-11-04T11:57:41.893Z,53.9602,-164.0354,25.6,2.6,ml,,,,0.35,ak,ak023e5keypj,2023-11-04T15:18:35.834Z,"107 km SSW of False Pass, Alaska",earthquake,,1.5,,,reviewed,ak,ak,5714.745486578189
2023-11-04T14:03:24.481Z,14.0271,-91.5425,54.866,4.2,mb,25.0,178.0,1.716,0.75,us,us7000l8vc,2023-11-04T16:31:38.040Z,"32 km SW of Nueva Concepción, Guatemala",earthquake,4.83,17.899,0.084,39.0,reviewed,us,us,5756.431888632612
2023-11-04T11:00:36.451Z,6.7225,-73.078,158.062,4.6,mb,74.0,45.0,0.825,0.64,us,us7000l8uy,2023-11-04T11:48:59.040Z,northern Colombia,earthquake,9.53,8.188,0.029,344.0,reviewed,us,us,6041.925971875341
2023-11-04T07:20:31.928Z,51.9051,-173.6997,13.8,2.4,ml,,,,0.43,ak,ak023e5hta3k,2023-11-04T14:42:20.442Z,"47 km SE of Atka, Alaska",earthquake,,1.9,,,reviewed,ak,ak,6277.065065488937
2023-11-04T09:12:40.899Z,51.1361,179.1693,35.0,4.0,ml,37.0,196.0,0.902,0.45,us,us7000l8uf,2023-11-04T15:06:19.517Z,"Rat Islands, Aleutian Islands, Alaska",earthquake,11.5,2.013,0.077,22.0,reviewed,us,us,6606.374301783952
2023-11-04T08:12:52.505Z,51.097,179.0667,20.8,3.0,ml,,,,0.35,ak,ak023e5id1s5,2023-11-04T14:52:07.711Z,"Rat Islands, Aleutian Islands, Alaska",earthquake,,0.6,,,reviewed,ak,ak,6613.687753708536
2023-11-04T03:34:51.234Z,51.7889,174.0456,10.0,4.6,mb,64.0,129.0,0.943,0.83,us,us7000l8t9,2023-11-04T04:06:37.040Z,"131 km SSE of Attu Station, Alaska",earthquake,5.98,1.78,0.049,123.0,reviewed,us,us,6711.824003501459
2023-11-03T21:48:22.910Z,47.7649,153.5117,10.0,4.8,mb,48.0,137.0,5.98,0.61,us,us7000l8rm,2023-11-03T23:35:50.040Z,Kuril Islands,earthquake,7.16,1.791,0.068,67.0,reviewed,us,us,7676.441543462669
2023-11-04T19:55:33.875Z,37.5842,73.9941,10.0,4.5,mwr,49.0,105.0,2.557,0.56,us,us7000l8wg,2023-11-04T21:20:23.040Z,"65 km S of Murghob, Tajikistan",earthquake,7.15,1.892,0.052,36.0,reviewed,us,us,8344.926548046047
2023-11-04T05:57:12.820Z,19.3143329620361,-155.218994140625,-0.25,1.74000001,md,35.0,128.0,,0.159999996,hv,hv73638752,2023-11-04T06:00:17.520Z,"14 km S of Volcano, Hawaii",earthquake,0.27,0.310000002,0.349999994,19.0,automatic,hv,hv,8494.111088213793
2023-11-04T09:16:19.890Z,19.2948341369629,-155.389663696289,1.12000000476837,2.05999994,md,18.0,158.0,,0.230000004,hv,hv73638847,2023-11-04T09:19:31.880Z,"13 km NE of Pāhala, Hawaii",earthquake,0.56,0.689999998,2.20000005,4.0,automatic,hv,hv,8505.130910324966
2023-11-03T22:01:32.140Z,19.2894992828369,-155.380661010742,1.95000004768372,1.88,md,22.0,126.0,,0.180000007,hv,hv73638587,2023-11-03T22:04:35.600Z,"14 km NE of Pāhala, Hawaii",earthquake,0.41,0.629999995,1.36000001,10.0,automatic,hv,hv,8505.157953043448
2023-11-04T17:50:57.290Z,19.2876663208008,-155.38166809082,1.3400000333786,1.75999999,md,15.0,178.0,,0.129999995,hv,hv73639017,2023-11-04T17:54:03.580Z,"Hawaii region, Hawaii",earthquake,0.48,0.610000014,0.219999999,5.0,automatic,hv,hv,8505.387159533278
2023-11-03T23:31:52.210Z,19.8828333333333,-156.69,41.22,3.9,ml,59.0,212.0,,0.18,hv,hv73638622,2023-11-04T17:58:03.347Z,"76 km WNW of Kalaoa, Hawaii",earthquake,0.59,1.45,0.166357229729158,48.0,reviewed,hv,hv,8518.401592900129
2023-11-04T00:53:25.200Z,19.2015,-155.488,32.03,3.02,ml,61.0,57.0,,0.12,hv,hv73638662,2023-11-04T20:29:44.133Z,"Hawaii region, Hawaii",earthquake,0.38,0.46,0.168014890996533,42.0,reviewed,hv,hv,8519.326450721013
2023-11-04T02:02:07.140Z,19.1760005950928,-155.484329223633,30.4599990844727,1.86000001,md,27.0,88.0,,0.0900000036,hv,hv73638677,2023-11-04T02:05:23.610Z,"3 km SSW of Pāhala, Hawaii",earthquake,0.68,0.980000019,1.36000001,10.0,automatic,hv,hv,8521.567452207248
2023-11-04T07:20:16.660Z,19.1763324737549,-155.48616027832,35.4300003051758,1.89999998,md,28.0,83.0,,0.0900000036,hv,hv73638797,2023-11-04T07:23:23.410Z,"Island of Hawaii, Hawaii",earthquake,0.56,0.75,1.38999999,8.0,automatic,hv,hv,8521.633919551989
2023-11-04T01:09:11.250Z,19.1588325500488,-155.489334106445,34.4799995422363,1.86000001,md,31.0,160.0,,0.109999999,hv,hv73638667,2023-11-04T01:12:36.640Z,"5 km SSW of Pāhala, Hawaii",earthquake,0.63,0.930000007,1.86000001,4.0,automatic,hv,hv,8523.477245762877
2023-11-04T15:53:07.690Z,19.1608333587646,-155.513168334961,37.0699996948242,2.19,ml,43.0,110.0,,0.159999996,hv,hv73638977,2023-11-04T15:58:38.790Z,"5 km SW of Pāhala, Hawaii",earthquake,0.54,0.720000029,5.15,3.0,automatic,hv,hv,8524.56411508089
2023-11-04T02:30:53.310Z,19.136833190918,-155.52099609375,40.8899993896484,1.89999998,md,29.0,151.0,,0.150000006,hv,hv73638682,2023-11-04T02:35:27.020Z,"8 km SSW of Pāhala, Hawaii",earthquake,0.64,0.910000026,1.94000006,4.0,automatic,hv,hv,8527.278616279908
2023-11-03T22:31:35.325Z,29.0589,82.2652,10.0,4.0,mb,29.0,114.0,2.936,0.6,us,us7000l8rr,2023-11-04T16:00:59.202Z,"25 km SSE of Jumla, Nepal",earthquake,10.07,1.954,0.173,9.0,reviewed,us,us,9499.192991066564
2023-11-04T09:38:38.192Z,20.1401,147.7574,10.0,5.0,mb,64.0,83.0,7.077,0.78,us,us7000l8um,2023-11-04T15:48:50.171Z,Mariana Islands region,earthquake,10.92,1.864,0.033,287.0,reviewed,us,us,10780.159614285418
2023-11-04T12:26:00.906Z,20.2008,122.0072,11.274,4.4,mb,52.0,101.0,2.743,0.86,us,us7000l8v3,2023-11-04T12:55:51.040Z,"27 km S of Basco, Philippines",earthquake,8.43,4.493,0.1,29.0,reviewed,us,us,11096.695983665579
2023-11-04T01:23:10.558Z,-41.1703,-89.8059,10.0,4.8,mb,34.0,157.0,12.543,0.93,us,us7000l8t0,2023-11-04T03:15:03.040Z,southeast of Easter Island,earthquake,5.47,1.896,0.109,26.0,reviewed,us,us,11596.520262017217
2023-11-04T00:18:29.503Z,1.0637,125.6396,65.088,4.5,mb,24.0,82.0,1.751,0.87,us,us7000l8s4,2023-11-04T02:48:07.009Z,"70 km SE of Bitung, Indonesia",earthquake,10.4,10.919,0.125,19.0,reviewed,us,us,13213.194137276625
2023-11-04T17:43:09.407Z,-19.6779,-175.6875,215.218,4.6,mb,33.0,151.0,1.552,1.05,us,us7000l8w5,2023-11-04T18:33:12.040Z,Tonga,earthquake,13.84,8.49,0.09,40.0,reviewed,us,us,13365.971707616005
2023-11-04T12:49:52.601Z,-20.5156,-177.8899,382.817,4.3,mb,45.0,78.0,2.595,0.75,us,us7000l8v5,2023-11-04T13:12:04.040Z,"278 km WNW of Houma, Tonga",earthquake,12.29,7.405,0.066,68.0,reviewed,us,us,13564.52906672713
2023-11-04T00:25:40.565Z,-4.0444,128.9644,138.919,4.5,mb,45.0,52.0,1.051,0.73,us,us7000l8s5,2023-11-04T00:51:30.040Z,"78 km S of Amahai, Indonesia",earthquake,8.55,7.076,0.096,32.0,reviewed,us,us,13756.190458673516
2023-11-04T16:23:47.747Z,-4.0351,127.3691,226.33,4.5,mb,26.0,72.0,2.574,0.51,us,us7000l8vy,2023-11-04T16:37:55.040Z,"97 km WSW of Ambon, Indonesia",earthquake,7.5,6.754,0.121,23.0,reviewed,us,us,13768.4366532054
2023-11-04T09:59:48.016Z,-5.9481,131.1265,101.529,4.5,mb,30.0,116.0,1.867,0.57,us,us7000l8up,2023-11-04T10:18:27.040Z,"183 km W of Tual, Indonesia",earthquake,9.46,7.13,0.105,27.0,reviewed,us,us,13944.030821809254
